<?xml version="1.0" standalone="yes"?>
<Configuration>
  <SimulatorControl xmlns="SimulatorControl">
    <OurHostAddress>LocalHost      </OurHostAddress>
    <ApplicationName>BofA                </ApplicationName>
    <Area>qa_7                            </Area>
    <localRgwArea xml:space="preserve">                                </localRgwArea>
    <remoteRgwArea xml:space="preserve">                                </remoteRgwArea>
    <RgwRepository>RGW                             </RgwRepository>
    <MTSHostName>LocalHost      </MTSHostName>
    <Debug>N</Debug>
    <RootDir>c:/Simulator/qa_7/                                              </RootDir>
    <RemoteArea xml:space="preserve">    </RemoteArea>
    <RemoteMTSHostName>LocalHost      </RemoteMTSHostName>
    <ChpAba xml:space="preserve">    </ChpAba>
    <FedAba>121000358</FedAba>
    <SwfVersion>V1  </SwfVersion>
  </SimulatorControl>
  <ApplicationBanks xmlns="ApplicationBanks">
    <Bank>NCX       </Bank>
  </ApplicationBanks>
  <ApplicationBanks xmlns="ApplicationBanks">
    <Bank>ARX       </Bank>
  </ApplicationBanks>
  <ApplicationBanks xmlns="ApplicationBanks">
    <Bank>AZX       </Bank>
  </ApplicationBanks>
  <ApplicationBanks xmlns="ApplicationBanks">
    <Bank>CTX       </Bank>
  </ApplicationBanks>
  <ApplicationBanks xmlns="ApplicationBanks">
    <Bank>DCX       </Bank>
  </ApplicationBanks>
  <ApplicationBanks xmlns="ApplicationBanks">
    <Bank>FLX       </Bank>
  </ApplicationBanks>
  <ApplicationBanks xmlns="ApplicationBanks">
    <Bank>GAX       </Bank>
  </ApplicationBanks>
  <ApplicationBanks xmlns="ApplicationBanks">
    <Bank>IAX       </Bank>
  </ApplicationBanks>
  <ApplicationBanks xmlns="ApplicationBanks">
    <Bank>IDX       </Bank>
  </ApplicationBanks>
  <ApplicationBanks xmlns="ApplicationBanks">
    <Bank>ILX       </Bank>
  </ApplicationBanks>
  <ApplicationBanks xmlns="ApplicationBanks">
    <Bank>KSX       </Bank>
  </ApplicationBanks>
  <ApplicationBanks xmlns="ApplicationBanks">
    <Bank>MAX       </Bank>
  </ApplicationBanks>
  <ApplicationBanks xmlns="ApplicationBanks">
    <Bank>MDX       </Bank>
  </ApplicationBanks>
  <ApplicationBanks xmlns="ApplicationBanks">
    <Bank>MEX       </Bank>
  </ApplicationBanks>
  <ApplicationBanks xmlns="ApplicationBanks">
    <Bank>MIA       </Bank>
  </ApplicationBanks>
  <ApplicationBanks xmlns="ApplicationBanks">
    <Bank>MOX       </Bank>
  </ApplicationBanks>
  <ApplicationBanks xmlns="ApplicationBanks">
    <Bank>NHX       </Bank>
  </ApplicationBanks>
  <ApplicationBanks xmlns="ApplicationBanks">
    <Bank>NJX       </Bank>
  </ApplicationBanks>
  <ApplicationBanks xmlns="ApplicationBanks">
    <Bank>NMX       </Bank>
  </ApplicationBanks>
  <ApplicationBanks xmlns="ApplicationBanks">
    <Bank>NVX       </Bank>
  </ApplicationBanks>
  <ApplicationBanks xmlns="ApplicationBanks">
    <Bank>NYK       </Bank>
  </ApplicationBanks>
  <ApplicationBanks xmlns="ApplicationBanks">
    <Bank>NYX       </Bank>
  </ApplicationBanks>
  <ApplicationBanks xmlns="ApplicationBanks">
    <Bank>OKX       </Bank>
  </ApplicationBanks>
  <ApplicationBanks xmlns="ApplicationBanks">
    <Bank>ORX       </Bank>
  </ApplicationBanks>
  <ApplicationBanks xmlns="ApplicationBanks">
    <Bank>PAX       </Bank>
  </ApplicationBanks>
  <ApplicationBanks xmlns="ApplicationBanks">
    <Bank>RIX       </Bank>
  </ApplicationBanks>
  <ApplicationBanks xmlns="ApplicationBanks">
    <Bank>SCX       </Bank>
  </ApplicationBanks>
  <ApplicationBanks xmlns="ApplicationBanks">
    <Bank>SFO       </Bank>
  </ApplicationBanks>
  <ApplicationBanks xmlns="ApplicationBanks">
    <Bank>TNX       </Bank>
  </ApplicationBanks>
  <ApplicationBanks xmlns="ApplicationBanks">
    <Bank>VAX       </Bank>
  </ApplicationBanks>
  <ApplicationBanks xmlns="ApplicationBanks">
    <Bank>WAX       </Bank>
  </ApplicationBanks>
  <ApplicationBanks xmlns="ApplicationBanks">
    <Bank>*         </Bank>
  </ApplicationBanks>
  <EntrySources xmlns="EntrySources">
    <UniqueKey>1</UniqueKey>
    <Source>PHN</Source>
  </EntrySources>
  <FeederControl xmlns="FeederControl">
    <LineName>ASI                 </LineName>
    <Source>ASI</Source>
    <ProcessState>*</ProcessState>
    <TimelyDelivery>N</TimelyDelivery>
    <TimeFrom>1900-01-01T03:00:00-05:00</TimeFrom>
    <TimeTo>1900-01-01T03:00:00-05:00</TimeTo>
    <MsgperTrn>1</MsgperTrn>
    <NumberSel>10</NumberSel>
  </FeederControl>
  <FeederControl xmlns="FeederControl">
    <LineName>NYK_NYKA_F_RCV      </LineName>
    <Source>SWF</Source>
    <ProcessState>*</ProcessState>
    <TimelyDelivery>N</TimelyDelivery>
    <TimeFrom>1900-01-01T03:00:00-05:00</TimeFrom>
    <TimeTo>1900-01-01T03:00:00-05:00</TimeTo>
    <MsgperTrn>10</MsgperTrn>
    <NumberSel>10</NumberSel>
  </FeederControl>
  <FeederControl xmlns="FeederControl">
    <LineName>NYK_NYKB_F_RCV      </LineName>
    <Source>SWF</Source>
    <ProcessState>*</ProcessState>
    <TimelyDelivery>N</TimelyDelivery>
    <TimeFrom>1900-01-01T03:00:00-05:00</TimeFrom>
    <TimeTo>1900-01-01T03:00:00-05:00</TimeTo>
    <MsgperTrn>10</MsgperTrn>
    <NumberSel>10</NumberSel>
  </FeederControl>
  <FeederControl xmlns="FeederControl">
    <LineName>SFO_SFOA_F_RCV      </LineName>
    <Source>SWF</Source>
    <ProcessState>*</ProcessState>
    <TimelyDelivery>N</TimelyDelivery>
    <TimeFrom>1900-01-01T03:00:00-05:00</TimeFrom>
    <TimeTo>1900-01-01T03:00:00-05:00</TimeTo>
    <MsgperTrn>10</MsgperTrn>
    <NumberSel>10</NumberSel>
  </FeederControl>
  <FeederControl xmlns="FeederControl">
    <LineName>SFO_SFOB_F_RCV      </LineName>
    <Source>SWF</Source>
    <ProcessState>*</ProcessState>
    <TimelyDelivery>N</TimelyDelivery>
    <TimeFrom>1900-01-01T03:00:00-05:00</TimeFrom>
    <TimeTo>1900-01-01T03:00:00-05:00</TimeTo>
    <MsgperTrn>10</MsgperTrn>
    <NumberSel>10</NumberSel>
  </FeederControl>
  <FeederControl xmlns="FeederControl">
    <LineName>MAX_FOR_IN          </LineName>
    <Source>ISI</Source>
    <ProcessState>*</ProcessState>
    <TimelyDelivery>N</TimelyDelivery>
    <TimeFrom>1900-01-01T03:00:00-05:00</TimeFrom>
    <TimeTo>1900-01-01T03:00:00-05:00</TimeTo>
    <MsgperTrn>10</MsgperTrn>
    <NumberSel>10</NumberSel>
  </FeederControl>
  <FeederControl xmlns="FeederControl">
    <LineName>MAX_WEB_IN          </LineName>
    <Source>ISI</Source>
    <ProcessState>*</ProcessState>
    <TimelyDelivery>N</TimelyDelivery>
    <TimeFrom>1900-01-01T03:00:00-05:00</TimeFrom>
    <TimeTo>1900-01-01T03:00:00-05:00</TimeTo>
    <MsgperTrn>10</MsgperTrn>
    <NumberSel>10</NumberSel>
  </FeederControl>
  <FeederControl xmlns="FeederControl">
    <LineName>NCX_GMB_RCV         </LineName>
    <Source>IS2</Source>
    <ProcessState>*</ProcessState>
    <TimelyDelivery>N</TimelyDelivery>
    <TimeFrom>1900-01-01T03:00:00-05:00</TimeFrom>
    <TimeTo>1900-01-01T03:00:00-05:00</TimeTo>
    <MsgperTrn>10</MsgperTrn>
    <NumberSel>10</NumberSel>
  </FeederControl>
  <FeederControl xmlns="FeederControl">
    <LineName>NCX_GMD_RCV         </LineName>
    <Source>IS2</Source>
    <ProcessState>*</ProcessState>
    <TimelyDelivery>N</TimelyDelivery>
    <TimeFrom>1900-01-01T03:00:00-05:00</TimeFrom>
    <TimeTo>1900-01-01T03:00:00-05:00</TimeTo>
    <MsgperTrn>10</MsgperTrn>
    <NumberSel>10</NumberSel>
  </FeederControl>
  <FeederControl xmlns="FeederControl">
    <LineName>NYK_WBS_RCV         </LineName>
    <Source>IS2</Source>
    <ProcessState>*</ProcessState>
    <TimelyDelivery>N</TimelyDelivery>
    <TimeFrom>1900-01-01T03:00:00-05:00</TimeFrom>
    <TimeTo>1900-01-01T03:00:00-05:00</TimeTo>
    <MsgperTrn>10</MsgperTrn>
    <NumberSel>10</NumberSel>
  </FeederControl>
  <FeederControl xmlns="FeederControl">
    <LineName>SFO_WBS_RCV         </LineName>
    <Source>IS2</Source>
    <ProcessState>*</ProcessState>
    <TimelyDelivery>N</TimelyDelivery>
    <TimeFrom>1900-01-01T03:00:00-05:00</TimeFrom>
    <TimeTo>1900-01-01T03:00:00-05:00</TimeTo>
    <MsgperTrn>10</MsgperTrn>
    <NumberSel>10</NumberSel>
  </FeederControl>
  <FeederControl xmlns="FeederControl">
    <LineName>NCX_WRB_RCV         </LineName>
    <Source>IS2</Source>
    <ProcessState>*</ProcessState>
    <TimelyDelivery>N</TimelyDelivery>
    <TimeFrom>1900-01-01T03:00:00-05:00</TimeFrom>
    <TimeTo>1900-01-01T03:00:00-05:00</TimeTo>
    <MsgperTrn>10</MsgperTrn>
    <NumberSel>10</NumberSel>
  </FeederControl>
  <FeederControl xmlns="FeederControl">
    <LineName>NYK_SCK_RCV         </LineName>
    <Source>IS2</Source>
    <ProcessState>*</ProcessState>
    <TimelyDelivery>N</TimelyDelivery>
    <TimeFrom>1900-01-01T03:00:00-05:00</TimeFrom>
    <TimeTo>1900-01-01T03:00:00-05:00</TimeTo>
    <MsgperTrn>10</MsgperTrn>
    <NumberSel>10</NumberSel>
  </FeederControl>
  <FeederControl xmlns="FeederControl">
    <LineName>NYK_CHIPSIN1        </LineName>
    <Source>CHP</Source>
    <ProcessState>*</ProcessState>
    <TimelyDelivery>N</TimelyDelivery>
    <TimeFrom>1900-01-01T03:00:00-05:00</TimeFrom>
    <TimeTo>1900-01-01T03:00:00-05:00</TimeTo>
    <MsgperTrn>1</MsgperTrn>
    <NumberSel>1</NumberSel>
  </FeederControl>
  <FeederControl xmlns="FeederControl">
    <LineName>NYK_CHIPSIN2        </LineName>
    <Source>CHP</Source>
    <ProcessState>*</ProcessState>
    <TimelyDelivery>N</TimelyDelivery>
    <TimeFrom>1900-01-01T03:00:00-05:00</TimeFrom>
    <TimeTo>1900-01-01T03:00:00-05:00</TimeTo>
    <MsgperTrn>1</MsgperTrn>
    <NumberSel>1</NumberSel>
  </FeederControl>
  <FeederControl xmlns="FeederControl">
    <LineName>NYK_EZY             </LineName>
    <Source>TLX</Source>
    <ProcessState>*</ProcessState>
    <TimelyDelivery>N</TimelyDelivery>
    <TimeFrom>1900-01-01T03:00:00-05:00</TimeFrom>
    <TimeTo>1900-01-01T03:00:00-05:00</TimeTo>
    <MsgperTrn>10</MsgperTrn>
    <NumberSel>10</NumberSel>
  </FeederControl>
  <LineNames xmlns="LineNames">
    <LineNameKey>ASIENT_LOG                      </LineNameKey>
    <Source>ASI       </Source>
    <SplitFileName>asi                             </SplitFileName>
    <DefaultLine xml:space="preserve">                                </DefaultLine>
  </LineNames>
  <LineNames xmlns="LineNames">
    <LineNameKey>NYKA_F_RCV                      </LineNameKey>
    <Source>SWF       </Source>
    <SplitFileName>swf                             </SplitFileName>
    <DefaultLine xml:space="preserve">                                </DefaultLine>
  </LineNames>
  <LineNames xmlns="LineNames">
    <LineNameKey>NYKB_F_RCV                      </LineNameKey>
    <Source>SWF       </Source>
    <SplitFileName>swf                             </SplitFileName>
    <DefaultLine xml:space="preserve">                                </DefaultLine>
  </LineNames>
  <LineNames xmlns="LineNames">
    <LineNameKey>SFOA_F_RCV                      </LineNameKey>
    <Source>SWF       </Source>
    <SplitFileName>swf                             </SplitFileName>
    <DefaultLine xml:space="preserve">                                </DefaultLine>
  </LineNames>
  <LineNames xmlns="LineNames">
    <LineNameKey>SFOB_F_RCV                      </LineNameKey>
    <Source>SWF       </Source>
    <SplitFileName>swf                             </SplitFileName>
    <DefaultLine xml:space="preserve">                                </DefaultLine>
  </LineNames>
  <LineNames xmlns="LineNames">
    <LineNameKey>FOR_IN                          </LineNameKey>
    <Source>ISI       </Source>
    <SplitFileName>for                             </SplitFileName>
    <DefaultLine xml:space="preserve">                                </DefaultLine>
  </LineNames>
  <LineNames xmlns="LineNames">
    <LineNameKey>WEB_IN                          </LineNameKey>
    <Source>ISI       </Source>
    <SplitFileName>for                             </SplitFileName>
    <DefaultLine xml:space="preserve">                                </DefaultLine>
  </LineNames>
  <LineNames xmlns="LineNames">
    <LineNameKey>GMB_RCV                         </LineNameKey>
    <Source>IS2       </Source>
    <SplitFileName>gmd                             </SplitFileName>
    <DefaultLine xml:space="preserve">                                </DefaultLine>
  </LineNames>
  <LineNames xmlns="LineNames">
    <LineNameKey>GMD_RCV                         </LineNameKey>
    <Source>IS2       </Source>
    <SplitFileName>gmd                             </SplitFileName>
    <DefaultLine xml:space="preserve">                                </DefaultLine>
  </LineNames>
  <LineNames xmlns="LineNames">
    <LineNameKey>WBS_RCV                         </LineNameKey>
    <Source>IS2       </Source>
    <SplitFileName>wbs                             </SplitFileName>
    <DefaultLine xml:space="preserve">                                </DefaultLine>
  </LineNames>
  <LineNames xmlns="LineNames">
    <LineNameKey>WRB_RCV                         </LineNameKey>
    <Source>IS2       </Source>
    <SplitFileName>wrb                             </SplitFileName>
    <DefaultLine xml:space="preserve">                                </DefaultLine>
  </LineNames>
  <LineNames xmlns="LineNames">
    <LineNameKey>SCK_RCV                         </LineNameKey>
    <Source>IS2       </Source>
    <SplitFileName>sck                             </SplitFileName>
    <DefaultLine xml:space="preserve">                                </DefaultLine>
  </LineNames>
  <LineNames xmlns="LineNames">
    <LineNameKey>CHIPSIN1                        </LineNameKey>
    <Source>CHP       </Source>
    <SplitFileName>chp                             </SplitFileName>
    <DefaultLine xml:space="preserve">                                </DefaultLine>
  </LineNames>
  <LineNames xmlns="LineNames">
    <LineNameKey>CHIPSIN2                        </LineNameKey>
    <Source>CHP       </Source>
    <SplitFileName>chp                             </SplitFileName>
    <DefaultLine xml:space="preserve">                                </DefaultLine>
  </LineNames>
  <LineNames xmlns="LineNames">
    <LineNameKey>EZY                             </LineNameKey>
    <Source>TLX       </Source>
    <SplitFileName>tlx                             </SplitFileName>
    <DefaultLine xml:space="preserve">                                </DefaultLine>
  </LineNames>
  <LineNames xmlns="LineNames">
    <LineNameKey>SWFINQ                          </LineNameKey>
    <Source>SWF       </Source>
    <SplitFileName>swf                             </SplitFileName>
    <DefaultLine>NYK_NYKA_F_RCV                  </DefaultLine>
  </LineNames>
  <LineNames xmlns="LineNames">
    <LineNameKey>GMDINQ                          </LineNameKey>
    <Source>IS2       </Source>
    <SplitFileName>gmd                             </SplitFileName>
    <DefaultLine>NCX_GMD_RCV                     </DefaultLine>
  </LineNames>
  <LineNames xmlns="LineNames">
    <LineNameKey>CHIPS_IN                        </LineNameKey>
    <Source>CHP       </Source>
    <SplitFileName>chp                             </SplitFileName>
    <DefaultLine>NYK_CHIPSIN1                    </DefaultLine>
  </LineNames>
  <LinkControl xmlns="LinkControl">
    <LineName>ASI                 </LineName>
    <Description>ASI to WTX                    </Description>
    <Source>ASI</Source>
    <SndRcv>S</SndRcv>
    <Port>0</Port>
    <IntPort>0</IntPort>
    <NextSeqNo>1</NextSeqNo>
    <OutSeqNo>1</OutSeqNo>
    <LineStatus>*</LineStatus>
    <TrnRef>0000000000000000</TrnRef>
    <NumberSel>10</NumberSel>
    <P1 xml:space="preserve">                </P1>
    <TimeDelay>0</TimeDelay>
    <outputMQName />
    <inputMQName />
    <MQMgrName />
    <Mode>0</Mode>
    <GroupNo>4</GroupNo>
    <RsnSeqNo>0</RsnSeqNo>
    <SwfTid xml:space="preserve">         </SwfTid>
  </LinkControl>
  <LinkControl xmlns="LinkControl">
    <LineName>NCX_GCP00_SND       </LineName>
    <Description>GCP00 Receive                 </Description>
    <Source>IS2</Source>
    <SndRcv>R</SndRcv>
    <Port>0</Port>
    <IntPort>0</IntPort>
    <NextSeqNo>1</NextSeqNo>
    <OutSeqNo>1</OutSeqNo>
    <LineStatus>*</LineStatus>
    <TrnRef>0000000000000000</TrnRef>
    <NumberSel>10</NumberSel>
    <P1 xml:space="preserve">                </P1>
    <TimeDelay>0</TimeDelay>
    <outputMQName />
    <inputMQName />
    <MQMgrName />
    <Mode>0</Mode>
    <GroupNo>2</GroupNo>
    <RsnSeqNo>0</RsnSeqNo>
    <SwfTid xml:space="preserve">         </SwfTid>
  </LinkControl>
  <LinkControl xmlns="LinkControl">
    <LineName>NCX_GCP01_SND       </LineName>
    <Description>GCP01 Receive                 </Description>
    <Source>IS2</Source>
    <SndRcv>R</SndRcv>
    <Port>0</Port>
    <IntPort>0</IntPort>
    <NextSeqNo>1</NextSeqNo>
    <OutSeqNo>1</OutSeqNo>
    <LineStatus>*</LineStatus>
    <TrnRef>0000000000000000</TrnRef>
    <NumberSel>10</NumberSel>
    <P1 xml:space="preserve">                </P1>
    <TimeDelay>0</TimeDelay>
    <outputMQName />
    <inputMQName />
    <MQMgrName />
    <Mode>0</Mode>
    <GroupNo>2</GroupNo>
    <RsnSeqNo>0</RsnSeqNo>
    <SwfTid xml:space="preserve">         </SwfTid>
  </LinkControl>
  <LinkControl xmlns="LinkControl">
    <LineName>NCX_INC_OUT         </LineName>
    <Description>INC Receive                   </Description>
    <Source>IS2</Source>
    <SndRcv>R</SndRcv>
    <Port>0</Port>
    <IntPort>0</IntPort>
    <NextSeqNo>1</NextSeqNo>
    <OutSeqNo>1</OutSeqNo>
    <LineStatus>*</LineStatus>
    <TrnRef>0000000000000000</TrnRef>
    <NumberSel>10</NumberSel>
    <P1 xml:space="preserve">                </P1>
    <TimeDelay>0</TimeDelay>
    <outputMQName />
    <inputMQName />
    <MQMgrName />
    <Mode>0</Mode>
    <GroupNo>2</GroupNo>
    <RsnSeqNo>0</RsnSeqNo>
    <SwfTid xml:space="preserve">         </SwfTid>
  </LinkControl>
  <LinkControl xmlns="LinkControl">
    <LineName>NCX_ING_OUT         </LineName>
    <Description>ING Receive                   </Description>
    <Source>ISI</Source>
    <SndRcv>R</SndRcv>
    <Port>0</Port>
    <IntPort>0</IntPort>
    <NextSeqNo>1</NextSeqNo>
    <OutSeqNo>1</OutSeqNo>
    <LineStatus>*</LineStatus>
    <TrnRef>0000000000000000</TrnRef>
    <NumberSel>10</NumberSel>
    <P1 xml:space="preserve">                </P1>
    <TimeDelay>0</TimeDelay>
    <outputMQName />
    <inputMQName />
    <MQMgrName />
    <Mode>0</Mode>
    <GroupNo>3</GroupNo>
    <RsnSeqNo>0</RsnSeqNo>
    <SwfTid xml:space="preserve">         </SwfTid>
  </LinkControl>
  <LinkControl xmlns="LinkControl">
    <LineName>NCX_IRW_OUT         </LineName>
    <Description>IRW Receive                   </Description>
    <Source>ISI</Source>
    <SndRcv>R</SndRcv>
    <Port>0</Port>
    <IntPort>0</IntPort>
    <NextSeqNo>1</NextSeqNo>
    <OutSeqNo>1</OutSeqNo>
    <LineStatus>*</LineStatus>
    <TrnRef>0000000000000000</TrnRef>
    <NumberSel>10</NumberSel>
    <P1 xml:space="preserve">                </P1>
    <TimeDelay>0</TimeDelay>
    <outputMQName />
    <inputMQName />
    <MQMgrName />
    <Mode>0</Mode>
    <GroupNo>3</GroupNo>
    <RsnSeqNo>0</RsnSeqNo>
    <SwfTid xml:space="preserve">         </SwfTid>
  </LinkControl>
  <LinkControl xmlns="LinkControl">
    <LineName>NYK_NYKA_F_RCV      </LineName>
    <Description>NYK Swift A Send              </Description>
    <Source>SWF</Source>
    <SndRcv>S</SndRcv>
    <Port>21823</Port>
    <IntPort>18760</IntPort>
    <NextSeqNo>1</NextSeqNo>
    <OutSeqNo>1</OutSeqNo>
    <LineStatus>*</LineStatus>
    <TrnRef>0000000000000000</TrnRef>
    <NumberSel>10</NumberSel>
    <P1 xml:space="preserve">                </P1>
    <TimeDelay>0</TimeDelay>
    <outputMQName />
    <inputMQName />
    <MQMgrName />
    <Mode>0</Mode>
    <GroupNo>1</GroupNo>
    <RsnSeqNo>0</RsnSeqNo>
    <SwfTid>Tid1     </SwfTid>
  </LinkControl>
  <LinkControl xmlns="LinkControl">
    <LineName>NYK_NYKA_F_SND      </LineName>
    <Description>NYK Swift A Receive           </Description>
    <Source>SWF</Source>
    <SndRcv>R</SndRcv>
    <Port>21822</Port>
    <IntPort>18760</IntPort>
    <NextSeqNo>1</NextSeqNo>
    <OutSeqNo>1</OutSeqNo>
    <LineStatus>*</LineStatus>
    <TrnRef>0000000000000000</TrnRef>
    <NumberSel>10</NumberSel>
    <P1 xml:space="preserve">                </P1>
    <TimeDelay>0</TimeDelay>
    <outputMQName />
    <inputMQName />
    <MQMgrName />
    <Mode>0</Mode>
    <GroupNo>1</GroupNo>
    <RsnSeqNo>0</RsnSeqNo>
    <SwfTid>Tid1     </SwfTid>
  </LinkControl>
  <LinkControl xmlns="LinkControl">
    <LineName>NYK_NYKB_F_RCV      </LineName>
    <Description>NYK Swift B Send              </Description>
    <Source>SWF</Source>
    <SndRcv>S</SndRcv>
    <Port>22723</Port>
    <IntPort>18761</IntPort>
    <NextSeqNo>1</NextSeqNo>
    <OutSeqNo>1</OutSeqNo>
    <LineStatus>*</LineStatus>
    <TrnRef>0000000000000000</TrnRef>
    <NumberSel>10</NumberSel>
    <P1 xml:space="preserve">                </P1>
    <TimeDelay>0</TimeDelay>
    <outputMQName />
    <inputMQName />
    <MQMgrName />
    <Mode>0</Mode>
    <GroupNo>1</GroupNo>
    <RsnSeqNo>0</RsnSeqNo>
    <SwfTid>Tid1     </SwfTid>
  </LinkControl>
  <LinkControl xmlns="LinkControl">
    <LineName>NYK_NYKB_F_SND      </LineName>
    <Description>NYK Swift B Receive           </Description>
    <Source>SWF</Source>
    <SndRcv>R</SndRcv>
    <Port>22722</Port>
    <IntPort>18761</IntPort>
    <NextSeqNo>1</NextSeqNo>
    <OutSeqNo>1</OutSeqNo>
    <LineStatus>*</LineStatus>
    <TrnRef>0000000000000000</TrnRef>
    <NumberSel>10</NumberSel>
    <P1 xml:space="preserve">                </P1>
    <TimeDelay>0</TimeDelay>
    <outputMQName />
    <inputMQName />
    <MQMgrName />
    <Mode>0</Mode>
    <GroupNo>1</GroupNo>
    <RsnSeqNo>0</RsnSeqNo>
    <SwfTid>Tid1     </SwfTid>
  </LinkControl>
  <LinkControl xmlns="LinkControl">
    <LineName>SFO_SFOA_F_RCV      </LineName>
    <Description>SFO Swift A Send              </Description>
    <Source>SWF</Source>
    <SndRcv>S</SndRcv>
    <Port>22323</Port>
    <IntPort>18762</IntPort>
    <NextSeqNo>1</NextSeqNo>
    <OutSeqNo>1</OutSeqNo>
    <LineStatus>*</LineStatus>
    <TrnRef>0000000000000000</TrnRef>
    <NumberSel>10</NumberSel>
    <P1 xml:space="preserve">                </P1>
    <TimeDelay>0</TimeDelay>
    <outputMQName />
    <inputMQName />
    <MQMgrName />
    <Mode>0</Mode>
    <GroupNo>1</GroupNo>
    <RsnSeqNo>0</RsnSeqNo>
    <SwfTid>Tid1     </SwfTid>
  </LinkControl>
  <LinkControl xmlns="LinkControl">
    <LineName>SFO_SFOA_F_SND      </LineName>
    <Description>SFO Swift A Receive           </Description>
    <Source>SWF</Source>
    <SndRcv>R</SndRcv>
    <Port>22322</Port>
    <IntPort>18762</IntPort>
    <NextSeqNo>1</NextSeqNo>
    <OutSeqNo>1</OutSeqNo>
    <LineStatus>*</LineStatus>
    <TrnRef>0000000000000000</TrnRef>
    <NumberSel>10</NumberSel>
    <P1 xml:space="preserve">                </P1>
    <TimeDelay>0</TimeDelay>
    <outputMQName />
    <inputMQName />
    <MQMgrName />
    <Mode>0</Mode>
    <GroupNo>1</GroupNo>
    <RsnSeqNo>0</RsnSeqNo>
    <SwfTid>Tid1     </SwfTid>
  </LinkControl>
  <LinkControl xmlns="LinkControl">
    <LineName>SFO_SFOB_F_RCV      </LineName>
    <Description>SFO Swift B Send              </Description>
    <Source>SWF</Source>
    <SndRcv>S</SndRcv>
    <Port>21023</Port>
    <IntPort>18763</IntPort>
    <NextSeqNo>1</NextSeqNo>
    <OutSeqNo>1</OutSeqNo>
    <LineStatus>*</LineStatus>
    <TrnRef>0000000000000000</TrnRef>
    <NumberSel>10</NumberSel>
    <P1 xml:space="preserve">                </P1>
    <TimeDelay>0</TimeDelay>
    <outputMQName />
    <inputMQName />
    <MQMgrName />
    <Mode>0</Mode>
    <GroupNo>1</GroupNo>
    <RsnSeqNo>0</RsnSeqNo>
    <SwfTid>Tid1     </SwfTid>
  </LinkControl>
  <LinkControl xmlns="LinkControl">
    <LineName>SFO_SFOB_F_SND      </LineName>
    <Description>SFO Swift B Receive           </Description>
    <Source>SWF</Source>
    <SndRcv>R</SndRcv>
    <Port>21022</Port>
    <IntPort>18763</IntPort>
    <NextSeqNo>1</NextSeqNo>
    <OutSeqNo>1</OutSeqNo>
    <LineStatus>*</LineStatus>
    <TrnRef>0000000000000000</TrnRef>
    <NumberSel>10</NumberSel>
    <P1 xml:space="preserve">                </P1>
    <TimeDelay>0</TimeDelay>
    <outputMQName />
    <inputMQName />
    <MQMgrName />
    <Mode>0</Mode>
    <GroupNo>1</GroupNo>
    <RsnSeqNo>0</RsnSeqNo>
    <SwfTid>Tid1     </SwfTid>
  </LinkControl>
  <LinkControl xmlns="LinkControl">
    <LineName>MAX_FOR_IN          </LineName>
    <Description>FOR Send                      </Description>
    <Source>ISI</Source>
    <SndRcv>S</SndRcv>
    <Port>334</Port>
    <IntPort>0</IntPort>
    <NextSeqNo>1</NextSeqNo>
    <OutSeqNo>1</OutSeqNo>
    <LineStatus>*</LineStatus>
    <TrnRef>0000000000000000</TrnRef>
    <NumberSel>10</NumberSel>
    <P1 xml:space="preserve">                </P1>
    <TimeDelay>0</TimeDelay>
    <outputMQName />
    <inputMQName />
    <MQMgrName />
    <Mode>0</Mode>
    <GroupNo>3</GroupNo>
    <RsnSeqNo>0</RsnSeqNo>
    <SwfTid xml:space="preserve">         </SwfTid>
  </LinkControl>
  <LinkControl xmlns="LinkControl">
    <LineName>MAX_FOR_OUT         </LineName>
    <Description>FOR Receive                   </Description>
    <Source>ISI</Source>
    <SndRcv>R</SndRcv>
    <Port>333</Port>
    <IntPort>0</IntPort>
    <NextSeqNo>1</NextSeqNo>
    <OutSeqNo>1</OutSeqNo>
    <LineStatus>*</LineStatus>
    <TrnRef>0000000000000000</TrnRef>
    <NumberSel>10</NumberSel>
    <P1 xml:space="preserve">                </P1>
    <TimeDelay>0</TimeDelay>
    <outputMQName />
    <inputMQName />
    <MQMgrName />
    <Mode>0</Mode>
    <GroupNo>3</GroupNo>
    <RsnSeqNo>0</RsnSeqNo>
    <SwfTid xml:space="preserve">         </SwfTid>
  </LinkControl>
  <LinkControl xmlns="LinkControl">
    <LineName>MAX_WEB_IN          </LineName>
    <Description>WEB Send                      </Description>
    <Source>ISI</Source>
    <SndRcv>S</SndRcv>
    <Port>1000</Port>
    <IntPort>0</IntPort>
    <NextSeqNo>1</NextSeqNo>
    <OutSeqNo>1</OutSeqNo>
    <LineStatus>*</LineStatus>
    <TrnRef>0000000000000000</TrnRef>
    <NumberSel>10</NumberSel>
    <P1 xml:space="preserve">                </P1>
    <TimeDelay>0</TimeDelay>
    <outputMQName />
    <inputMQName />
    <MQMgrName />
    <Mode>0</Mode>
    <GroupNo>3</GroupNo>
    <RsnSeqNo>0</RsnSeqNo>
    <SwfTid xml:space="preserve">         </SwfTid>
  </LinkControl>
  <LinkControl xmlns="LinkControl">
    <LineName>MAX_WEB_OUT         </LineName>
    <Description>WEB Receive                   </Description>
    <Source>ISI</Source>
    <SndRcv>R</SndRcv>
    <Port>999</Port>
    <IntPort>0</IntPort>
    <NextSeqNo>1</NextSeqNo>
    <OutSeqNo>1</OutSeqNo>
    <LineStatus>*</LineStatus>
    <TrnRef>0000000000000000</TrnRef>
    <NumberSel>10</NumberSel>
    <P1 xml:space="preserve">                </P1>
    <TimeDelay>0</TimeDelay>
    <outputMQName />
    <inputMQName />
    <MQMgrName />
    <Mode>0</Mode>
    <GroupNo>3</GroupNo>
    <RsnSeqNo>0</RsnSeqNo>
    <SwfTid xml:space="preserve">         </SwfTid>
  </LinkControl>
  <LinkControl xmlns="LinkControl">
    <LineName>NCX_GMB_RCV         </LineName>
    <Description>GMB Send                      </Description>
    <Source>IS2</Source>
    <SndRcv>S</SndRcv>
    <Port>665</Port>
    <IntPort>0</IntPort>
    <NextSeqNo>1</NextSeqNo>
    <OutSeqNo>1</OutSeqNo>
    <LineStatus>*</LineStatus>
    <TrnRef>0000000000000000</TrnRef>
    <NumberSel>10</NumberSel>
    <P1 xml:space="preserve">                </P1>
    <TimeDelay>0</TimeDelay>
    <outputMQName />
    <inputMQName />
    <MQMgrName />
    <Mode>0</Mode>
    <GroupNo>2</GroupNo>
    <RsnSeqNo>0</RsnSeqNo>
    <SwfTid xml:space="preserve">         </SwfTid>
  </LinkControl>
  <LinkControl xmlns="LinkControl">
    <LineName>NCX_GMB_SND         </LineName>
    <Description>GMB Receive                   </Description>
    <Source>IS2</Source>
    <SndRcv>R</SndRcv>
    <Port>664</Port>
    <IntPort>0</IntPort>
    <NextSeqNo>1</NextSeqNo>
    <OutSeqNo>1</OutSeqNo>
    <LineStatus>*</LineStatus>
    <TrnRef>0000000000000000</TrnRef>
    <NumberSel>10</NumberSel>
    <P1 xml:space="preserve">                </P1>
    <TimeDelay>0</TimeDelay>
    <outputMQName />
    <inputMQName />
    <MQMgrName />
    <Mode>0</Mode>
    <GroupNo>2</GroupNo>
    <RsnSeqNo>0</RsnSeqNo>
    <SwfTid xml:space="preserve">         </SwfTid>
  </LinkControl>
  <LinkControl xmlns="LinkControl">
    <LineName>NCX_GMD_RCV         </LineName>
    <Description>GMD Send                      </Description>
    <Source>IS2</Source>
    <SndRcv>S</SndRcv>
    <Port>667</Port>
    <IntPort>0</IntPort>
    <NextSeqNo>1</NextSeqNo>
    <OutSeqNo>1</OutSeqNo>
    <LineStatus>*</LineStatus>
    <TrnRef>0000000000000000</TrnRef>
    <NumberSel>10</NumberSel>
    <P1 xml:space="preserve">                </P1>
    <TimeDelay>0</TimeDelay>
    <outputMQName />
    <inputMQName />
    <MQMgrName />
    <Mode>0</Mode>
    <GroupNo>2</GroupNo>
    <RsnSeqNo>0</RsnSeqNo>
    <SwfTid xml:space="preserve">         </SwfTid>
  </LinkControl>
  <LinkControl xmlns="LinkControl">
    <LineName>NCX_GMD_SND         </LineName>
    <Description>GMD Receive                   </Description>
    <Source>IS2</Source>
    <SndRcv>R</SndRcv>
    <Port>666</Port>
    <IntPort>0</IntPort>
    <NextSeqNo>1</NextSeqNo>
    <OutSeqNo>1</OutSeqNo>
    <LineStatus>*</LineStatus>
    <TrnRef>0000000000000000</TrnRef>
    <NumberSel>10</NumberSel>
    <P1 xml:space="preserve">                </P1>
    <TimeDelay>0</TimeDelay>
    <outputMQName />
    <inputMQName />
    <MQMgrName />
    <Mode>0</Mode>
    <GroupNo>2</GroupNo>
    <RsnSeqNo>0</RsnSeqNo>
    <SwfTid xml:space="preserve">         </SwfTid>
  </LinkControl>
  <LinkControl xmlns="LinkControl">
    <LineName>NYK_WBS_RCV         </LineName>
    <Description>NYK WBS Send                  </Description>
    <Source>IS2</Source>
    <SndRcv>S</SndRcv>
    <Port>1101</Port>
    <IntPort>0</IntPort>
    <NextSeqNo>1</NextSeqNo>
    <OutSeqNo>1</OutSeqNo>
    <LineStatus>*</LineStatus>
    <TrnRef>0000000000000000</TrnRef>
    <NumberSel>10</NumberSel>
    <P1 xml:space="preserve">                </P1>
    <TimeDelay>0</TimeDelay>
    <outputMQName />
    <inputMQName />
    <MQMgrName />
    <Mode>0</Mode>
    <GroupNo>2</GroupNo>
    <RsnSeqNo>0</RsnSeqNo>
    <SwfTid xml:space="preserve">         </SwfTid>
  </LinkControl>
  <LinkControl xmlns="LinkControl">
    <LineName>NYK_WBS_SND         </LineName>
    <Description>NYK WBS Receive               </Description>
    <Source>IS2</Source>
    <SndRcv>R</SndRcv>
    <Port>1100</Port>
    <IntPort>0</IntPort>
    <NextSeqNo>1</NextSeqNo>
    <OutSeqNo>1</OutSeqNo>
    <LineStatus>*</LineStatus>
    <TrnRef>0000000000000000</TrnRef>
    <NumberSel>10</NumberSel>
    <P1 xml:space="preserve">                </P1>
    <TimeDelay>0</TimeDelay>
    <outputMQName />
    <inputMQName />
    <MQMgrName />
    <Mode>0</Mode>
    <GroupNo>2</GroupNo>
    <RsnSeqNo>0</RsnSeqNo>
    <SwfTid xml:space="preserve">         </SwfTid>
  </LinkControl>
  <LinkControl xmlns="LinkControl">
    <LineName>SFO_WBS_RCV         </LineName>
    <Description>SFO WBS Send                  </Description>
    <Source>IS2</Source>
    <SndRcv>S</SndRcv>
    <Port>1103</Port>
    <IntPort>0</IntPort>
    <NextSeqNo>1</NextSeqNo>
    <OutSeqNo>1</OutSeqNo>
    <LineStatus>*</LineStatus>
    <TrnRef>0000000000000000</TrnRef>
    <NumberSel>10</NumberSel>
    <P1 xml:space="preserve">                </P1>
    <TimeDelay>0</TimeDelay>
    <outputMQName />
    <inputMQName />
    <MQMgrName />
    <Mode>0</Mode>
    <GroupNo>2</GroupNo>
    <RsnSeqNo>0</RsnSeqNo>
    <SwfTid xml:space="preserve">         </SwfTid>
  </LinkControl>
  <LinkControl xmlns="LinkControl">
    <LineName>SFO_WBS_SND         </LineName>
    <Description>SFO WBS Receive               </Description>
    <Source>IS2</Source>
    <SndRcv>R</SndRcv>
    <Port>1102</Port>
    <IntPort>0</IntPort>
    <NextSeqNo>1</NextSeqNo>
    <OutSeqNo>1</OutSeqNo>
    <LineStatus>*</LineStatus>
    <TrnRef>0000000000000000</TrnRef>
    <NumberSel>10</NumberSel>
    <P1 xml:space="preserve">                </P1>
    <TimeDelay>0</TimeDelay>
    <outputMQName />
    <inputMQName />
    <MQMgrName />
    <Mode>0</Mode>
    <GroupNo>2</GroupNo>
    <RsnSeqNo>0</RsnSeqNo>
    <SwfTid xml:space="preserve">         </SwfTid>
  </LinkControl>
  <LinkControl xmlns="LinkControl">
    <LineName>NCX_WRB_RCV         </LineName>
    <Description>WRB Send                      </Description>
    <Source>IS2</Source>
    <SndRcv>S</SndRcv>
    <Port>0</Port>
    <IntPort>0</IntPort>
    <NextSeqNo>1</NextSeqNo>
    <OutSeqNo>1</OutSeqNo>
    <LineStatus>*</LineStatus>
    <TrnRef>0000000000000000</TrnRef>
    <NumberSel>10</NumberSel>
    <P1 xml:space="preserve">                </P1>
    <TimeDelay>0</TimeDelay>
    <outputMQName />
    <inputMQName />
    <MQMgrName />
    <Mode>0</Mode>
    <GroupNo>2</GroupNo>
    <RsnSeqNo>0</RsnSeqNo>
    <SwfTid xml:space="preserve">         </SwfTid>
  </LinkControl>
  <LinkControl xmlns="LinkControl">
    <LineName>NCX_WRB_SND         </LineName>
    <Description>WRB Receive                   </Description>
    <Source>IS2</Source>
    <SndRcv>R</SndRcv>
    <Port>0</Port>
    <IntPort>0</IntPort>
    <NextSeqNo>1</NextSeqNo>
    <OutSeqNo>1</OutSeqNo>
    <LineStatus>*</LineStatus>
    <TrnRef>0000000000000000</TrnRef>
    <NumberSel>10</NumberSel>
    <P1 xml:space="preserve">                </P1>
    <TimeDelay>0</TimeDelay>
    <outputMQName />
    <inputMQName />
    <MQMgrName />
    <Mode>0</Mode>
    <GroupNo>2</GroupNo>
    <RsnSeqNo>0</RsnSeqNo>
    <SwfTid xml:space="preserve">         </SwfTid>
  </LinkControl>
  <LinkControl xmlns="LinkControl">
    <LineName>NYK_SCK_RCV         </LineName>
    <Description>SCK Send                      </Description>
    <Source>IS2</Source>
    <SndRcv>S</SndRcv>
    <Port>0</Port>
    <IntPort>0</IntPort>
    <NextSeqNo>1</NextSeqNo>
    <OutSeqNo>1</OutSeqNo>
    <LineStatus>*</LineStatus>
    <TrnRef>0000000000000000</TrnRef>
    <NumberSel>10</NumberSel>
    <P1 xml:space="preserve">                </P1>
    <TimeDelay>0</TimeDelay>
    <outputMQName />
    <inputMQName />
    <MQMgrName />
    <Mode>0</Mode>
    <GroupNo>2</GroupNo>
    <RsnSeqNo>0</RsnSeqNo>
    <SwfTid xml:space="preserve">         </SwfTid>
  </LinkControl>
  <LinkControl xmlns="LinkControl">
    <LineName>NYK_SCK_SND         </LineName>
    <Description>SCK Receive                   </Description>
    <Source>IS2</Source>
    <SndRcv>R</SndRcv>
    <Port>0</Port>
    <IntPort>0</IntPort>
    <NextSeqNo>1</NextSeqNo>
    <OutSeqNo>1</OutSeqNo>
    <LineStatus>*</LineStatus>
    <TrnRef>0000000000000000</TrnRef>
    <NumberSel>10</NumberSel>
    <P1 xml:space="preserve">                </P1>
    <TimeDelay>0</TimeDelay>
    <outputMQName />
    <inputMQName />
    <MQMgrName />
    <Mode>0</Mode>
    <GroupNo>2</GroupNo>
    <RsnSeqNo>0</RsnSeqNo>
    <SwfTid xml:space="preserve">         </SwfTid>
  </LinkControl>
  <LinkControl xmlns="LinkControl">
    <LineName>NYK_CHIPSIN1        </LineName>
    <Description>Chips1 Send                   </Description>
    <Source>CHI</Source>
    <SndRcv>S</SndRcv>
    <Port>0</Port>
    <IntPort>0</IntPort>
    <NextSeqNo>1</NextSeqNo>
    <OutSeqNo>1</OutSeqNo>
    <LineStatus>*</LineStatus>
    <TrnRef>0000000000000000</TrnRef>
    <NumberSel>1</NumberSel>
    <P1 xml:space="preserve">                </P1>
    <TimeDelay>500</TimeDelay>
    <outputMQName />
    <inputMQName />
    <MQMgrName />
    <Mode>0</Mode>
    <GroupNo>4</GroupNo>
    <RsnSeqNo>0</RsnSeqNo>
    <SwfTid xml:space="preserve">         </SwfTid>
  </LinkControl>
  <LinkControl xmlns="LinkControl">
    <LineName>NYK_CHIPSOUT1       </LineName>
    <Description>Chips1 Receive                </Description>
    <Source>CHO</Source>
    <SndRcv>R</SndRcv>
    <Port>0</Port>
    <IntPort>0</IntPort>
    <NextSeqNo>1</NextSeqNo>
    <OutSeqNo>1</OutSeqNo>
    <LineStatus>*</LineStatus>
    <TrnRef>0000000000000000</TrnRef>
    <NumberSel>1</NumberSel>
    <P1 xml:space="preserve">                </P1>
    <TimeDelay>500</TimeDelay>
    <outputMQName />
    <inputMQName />
    <MQMgrName />
    <Mode>0</Mode>
    <GroupNo>4</GroupNo>
    <RsnSeqNo>0</RsnSeqNo>
    <SwfTid xml:space="preserve">         </SwfTid>
  </LinkControl>
  <LinkControl xmlns="LinkControl">
    <LineName>NYK_CHIPSIN2        </LineName>
    <Description>Chips2 Send                   </Description>
    <Source>CHI</Source>
    <SndRcv>S</SndRcv>
    <Port>0</Port>
    <IntPort>0</IntPort>
    <NextSeqNo>1</NextSeqNo>
    <OutSeqNo>1</OutSeqNo>
    <LineStatus>*</LineStatus>
    <TrnRef>0000000000000000</TrnRef>
    <NumberSel>1</NumberSel>
    <P1 xml:space="preserve">                </P1>
    <TimeDelay>500</TimeDelay>
    <outputMQName />
    <inputMQName />
    <MQMgrName />
    <Mode>0</Mode>
    <GroupNo>4</GroupNo>
    <RsnSeqNo>0</RsnSeqNo>
    <SwfTid xml:space="preserve">         </SwfTid>
  </LinkControl>
  <LinkControl xmlns="LinkControl">
    <LineName>NYK_CHIPSOUT2       </LineName>
    <Description>Chips2 Receive                </Description>
    <Source>CHO</Source>
    <SndRcv>R</SndRcv>
    <Port>0</Port>
    <IntPort>0</IntPort>
    <NextSeqNo>1</NextSeqNo>
    <OutSeqNo>1</OutSeqNo>
    <LineStatus>*</LineStatus>
    <TrnRef>0000000000000000</TrnRef>
    <NumberSel>1</NumberSel>
    <P1 xml:space="preserve">                </P1>
    <TimeDelay>500</TimeDelay>
    <outputMQName />
    <inputMQName />
    <MQMgrName />
    <Mode>0</Mode>
    <GroupNo>4</GroupNo>
    <RsnSeqNo>0</RsnSeqNo>
    <SwfTid xml:space="preserve">         </SwfTid>
  </LinkControl>
  <LinkControl xmlns="LinkControl">
    <LineName>NYK_EZY             </LineName>
    <Description>EZY Telex Send                </Description>
    <Source>unk</Source>
    <SndRcv>S</SndRcv>
    <Port>0</Port>
    <IntPort>0</IntPort>
    <NextSeqNo>1</NextSeqNo>
    <OutSeqNo>1</OutSeqNo>
    <LineStatus>*</LineStatus>
    <TrnRef>0000000000000000</TrnRef>
    <NumberSel>10</NumberSel>
    <P1 xml:space="preserve">                </P1>
    <TimeDelay>0</TimeDelay>
    <outputMQName />
    <inputMQName />
    <MQMgrName />
    <Mode>0</Mode>
    <GroupNo>4</GroupNo>
    <RsnSeqNo>0</RsnSeqNo>
    <SwfTid xml:space="preserve">         </SwfTid>
  </LinkControl>
  <LinkControl xmlns="LinkControl">
    <LineName>NYK_EZY_OUT         </LineName>
    <Description>EZY Telex Receive             </Description>
    <Source>unk</Source>
    <SndRcv>R</SndRcv>
    <Port>0</Port>
    <IntPort>0</IntPort>
    <NextSeqNo>1</NextSeqNo>
    <OutSeqNo>1</OutSeqNo>
    <LineStatus>*</LineStatus>
    <TrnRef>0000000000000000</TrnRef>
    <NumberSel>10</NumberSel>
    <P1 xml:space="preserve">                </P1>
    <TimeDelay>0</TimeDelay>
    <outputMQName />
    <inputMQName />
    <MQMgrName />
    <Mode>0</Mode>
    <GroupNo>4</GroupNo>
    <RsnSeqNo>0</RsnSeqNo>
    <SwfTid xml:space="preserve">         </SwfTid>
  </LinkControl>
  <LinkGroup xmlns="LinkGroup">
    <GroupName>Swift Links</GroupName>
    <GroupNo>1</GroupNo>
  </LinkGroup>
  <LinkGroup xmlns="LinkGroup">
    <GroupName>ISI2 Links</GroupName>
    <GroupNo>2</GroupNo>
  </LinkGroup>
  <LinkGroup xmlns="LinkGroup">
    <GroupName>ISI Links</GroupName>
    <GroupNo>3</GroupNo>
  </LinkGroup>
  <LinkGroup xmlns="LinkGroup">
    <GroupName>Other Links</GroupName>
    <GroupNo>4</GroupNo>
  </LinkGroup>
  <ProcessGroup xmlns="ProcessGroup">
    <GroupName>Swift Links</GroupName>
    <GroupNo>1</GroupNo>
  </ProcessGroup>
  <ProcessGroup xmlns="ProcessGroup">
    <GroupName>GMD Links</GroupName>
    <GroupNo>2</GroupNo>
  </ProcessGroup>
  <ProcessGroup xmlns="ProcessGroup">
    <GroupName>Other Links</GroupName>
    <GroupNo>3</GroupNo>
  </ProcessGroup>
  <ProcessGroup xmlns="ProcessGroup">
    <GroupName>Other Procs</GroupName>
    <GroupNo>4</GroupNo>
  </ProcessGroup>
  <ProcessGroup xmlns="ProcessGroup">
    <GroupName>Swift Links</GroupName>
    <GroupNo>1</GroupNo>
  </ProcessGroup>
  <ProcessGroup xmlns="ProcessGroup">
    <GroupName>GMD Links</GroupName>
    <GroupNo>2</GroupNo>
  </ProcessGroup>
  <ProcessGroup xmlns="ProcessGroup">
    <GroupName>Other Links</GroupName>
    <GroupNo>3</GroupNo>
  </ProcessGroup>
  <ProcessGroup xmlns="ProcessGroup">
    <GroupName>Other Procs</GroupName>
    <GroupNo>4</GroupNo>
  </ProcessGroup>
  <ProcessGroup xmlns="ProcessGroup">
    <GroupName>Swift Links</GroupName>
    <GroupNo>1</GroupNo>
  </ProcessGroup>
  <ProcessGroup xmlns="ProcessGroup">
    <GroupName>GMD Links</GroupName>
    <GroupNo>2</GroupNo>
  </ProcessGroup>
  <ProcessGroup xmlns="ProcessGroup">
    <GroupName>Other Links</GroupName>
    <GroupNo>3</GroupNo>
  </ProcessGroup>
  <ProcessGroup xmlns="ProcessGroup">
    <GroupName>Other Procs</GroupName>
    <GroupNo>4</GroupNo>
  </ProcessGroup>
  <ProcessGroup xmlns="ProcessGroup">
    <GroupName>Swift Links</GroupName>
    <GroupNo>1</GroupNo>
  </ProcessGroup>
  <ProcessGroup xmlns="ProcessGroup">
    <GroupName>GMD Links</GroupName>
    <GroupNo>2</GroupNo>
  </ProcessGroup>
  <ProcessGroup xmlns="ProcessGroup">
    <GroupName>Other Links</GroupName>
    <GroupNo>3</GroupNo>
  </ProcessGroup>
  <ProcessGroup xmlns="ProcessGroup">
    <GroupName>Other Procs</GroupName>
    <GroupNo>4</GroupNo>
  </ProcessGroup>
  <ProcessGroup xmlns="ProcessGroup">
    <GroupName>Swift Links</GroupName>
    <GroupNo>1</GroupNo>
  </ProcessGroup>
  <ProcessGroup xmlns="ProcessGroup">
    <GroupName>GMD Links</GroupName>
    <GroupNo>2</GroupNo>
  </ProcessGroup>
  <ProcessGroup xmlns="ProcessGroup">
    <GroupName>Other Links</GroupName>
    <GroupNo>3</GroupNo>
  </ProcessGroup>
  <ProcessGroup xmlns="ProcessGroup">
    <GroupName>Other Procs</GroupName>
    <GroupNo>4</GroupNo>
  </ProcessGroup>
  <ProcessGroup xmlns="ProcessGroup">
    <GroupName>Swift Links</GroupName>
    <GroupNo>1</GroupNo>
  </ProcessGroup>
  <ProcessGroup xmlns="ProcessGroup">
    <GroupName>GMD Links</GroupName>
    <GroupNo>2</GroupNo>
  </ProcessGroup>
  <ProcessGroup xmlns="ProcessGroup">
    <GroupName>Other Links</GroupName>
    <GroupNo>3</GroupNo>
  </ProcessGroup>
  <ProcessGroup xmlns="ProcessGroup">
    <GroupName>Other Procs</GroupName>
    <GroupNo>4</GroupNo>
  </ProcessGroup>
  <ProcessGroup xmlns="ProcessGroup">
    <GroupName>Swift Links</GroupName>
    <GroupNo>1</GroupNo>
  </ProcessGroup>
  <ProcessGroup xmlns="ProcessGroup">
    <GroupName>GMD Links</GroupName>
    <GroupNo>2</GroupNo>
  </ProcessGroup>
  <ProcessGroup xmlns="ProcessGroup">
    <GroupName>Other Links</GroupName>
    <GroupNo>3</GroupNo>
  </ProcessGroup>
  <ProcessGroup xmlns="ProcessGroup">
    <GroupName>Other Procs</GroupName>
    <GroupNo>4</GroupNo>
  </ProcessGroup>
  <ProcessGroup xmlns="ProcessGroup">
    <GroupName>Swift Links</GroupName>
    <GroupNo>1</GroupNo>
  </ProcessGroup>
  <ProcessGroup xmlns="ProcessGroup">
    <GroupName>GMD Links</GroupName>
    <GroupNo>2</GroupNo>
  </ProcessGroup>
  <ProcessGroup xmlns="ProcessGroup">
    <GroupName>Other Links</GroupName>
    <GroupNo>3</GroupNo>
  </ProcessGroup>
  <ProcessGroup xmlns="ProcessGroup">
    <GroupName>Other Procs</GroupName>
    <GroupNo>4</GroupNo>
  </ProcessGroup>
  <ProcessGroup xmlns="ProcessGroup">
    <GroupName>Swift Links</GroupName>
    <GroupNo>1</GroupNo>
  </ProcessGroup>
  <ProcessGroup xmlns="ProcessGroup">
    <GroupName>GMD Links</GroupName>
    <GroupNo>2</GroupNo>
  </ProcessGroup>
  <ProcessGroup xmlns="ProcessGroup">
    <GroupName>Other Links</GroupName>
    <GroupNo>3</GroupNo>
  </ProcessGroup>
  <ProcessGroup xmlns="ProcessGroup">
    <GroupName>Other Procs</GroupName>
    <GroupNo>4</GroupNo>
  </ProcessGroup>
  <ProcessGroup xmlns="ProcessGroup">
    <GroupName>Swift Links</GroupName>
    <GroupNo>1</GroupNo>
  </ProcessGroup>
  <ProcessGroup xmlns="ProcessGroup">
    <GroupName>GMD Links</GroupName>
    <GroupNo>2</GroupNo>
  </ProcessGroup>
  <ProcessGroup xmlns="ProcessGroup">
    <GroupName>Other Links</GroupName>
    <GroupNo>3</GroupNo>
  </ProcessGroup>
  <ProcessGroup xmlns="ProcessGroup">
    <GroupName>Other Procs</GroupName>
    <GroupNo>4</GroupNo>
  </ProcessGroup>
  <ProcessGroup xmlns="ProcessGroup">
    <GroupName>Swift Links</GroupName>
    <GroupNo>1</GroupNo>
  </ProcessGroup>
  <ProcessGroup xmlns="ProcessGroup">
    <GroupName>GMD Links</GroupName>
    <GroupNo>2</GroupNo>
  </ProcessGroup>
  <ProcessGroup xmlns="ProcessGroup">
    <GroupName>Other Links</GroupName>
    <GroupNo>3</GroupNo>
  </ProcessGroup>
  <ProcessGroup xmlns="ProcessGroup">
    <GroupName>Other Procs</GroupName>
    <GroupNo>4</GroupNo>
  </ProcessGroup>
  <ProcessGroup xmlns="ProcessGroup">
    <GroupName>Swift Links</GroupName>
    <GroupNo>1</GroupNo>
  </ProcessGroup>
  <ProcessGroup xmlns="ProcessGroup">
    <GroupName>GMD Links</GroupName>
    <GroupNo>2</GroupNo>
  </ProcessGroup>
  <ProcessGroup xmlns="ProcessGroup">
    <GroupName>Other Links</GroupName>
    <GroupNo>3</GroupNo>
  </ProcessGroup>
  <ProcessGroup xmlns="ProcessGroup">
    <GroupName>Other Procs</GroupName>
    <GroupNo>4</GroupNo>
  </ProcessGroup>
  <ReceiveControl xmlns="ReceiveControl">
    <LineName>NCX_GCP00_SND       </LineName>
    <Source>IS2</Source>
    <StopAckQue>N</StopAckQue>
    <WritetoFile>N</WritetoFile>
    <FileName>c:/Simulator/qa_7/NCX_GCP00_SND.txt                             </FileName>
    <AckRuleTableName xml:space="preserve">                                </AckRuleTableName>
    <ReleaseAckQue xml:space="preserve"> </ReleaseAckQue>
    <TimeDelay>0</TimeDelay>
    <nSelect>10</nSelect>
    <DoEdits>N</DoEdits>
  </ReceiveControl>
  <ReceiveControl xmlns="ReceiveControl">
    <LineName>NCX_GCP01_SND       </LineName>
    <Source>IS2</Source>
    <StopAckQue>N</StopAckQue>
    <WritetoFile>N</WritetoFile>
    <FileName>c:/Simulator/qa_7/NCX_GCP01_SND.txt                             </FileName>
    <AckRuleTableName xml:space="preserve">                                </AckRuleTableName>
    <ReleaseAckQue xml:space="preserve"> </ReleaseAckQue>
    <TimeDelay>0</TimeDelay>
    <nSelect>10</nSelect>
    <DoEdits>N</DoEdits>
  </ReceiveControl>
  <ReceiveControl xmlns="ReceiveControl">
    <LineName>NCX_INC_OUT         </LineName>
    <Source>IS2</Source>
    <StopAckQue>N</StopAckQue>
    <WritetoFile>N</WritetoFile>
    <FileName>c:/Simulator/qa_7/NCX_INC_OUT.txt                               </FileName>
    <AckRuleTableName xml:space="preserve">                                </AckRuleTableName>
    <ReleaseAckQue xml:space="preserve"> </ReleaseAckQue>
    <TimeDelay>0</TimeDelay>
    <nSelect>10</nSelect>
    <DoEdits>N</DoEdits>
  </ReceiveControl>
  <ReceiveControl xmlns="ReceiveControl">
    <LineName>NCX_ING_OUT         </LineName>
    <Source>ISI</Source>
    <StopAckQue>N</StopAckQue>
    <WritetoFile>N</WritetoFile>
    <FileName>c:/Simulator/qa_7/NCX_ING_OUT.txt                               </FileName>
    <AckRuleTableName xml:space="preserve">                                </AckRuleTableName>
    <ReleaseAckQue xml:space="preserve"> </ReleaseAckQue>
    <TimeDelay>0</TimeDelay>
    <nSelect>10</nSelect>
    <DoEdits>N</DoEdits>
  </ReceiveControl>
  <ReceiveControl xmlns="ReceiveControl">
    <LineName>NCX_IRW_OUT         </LineName>
    <Source>ISI</Source>
    <StopAckQue>N</StopAckQue>
    <WritetoFile>N</WritetoFile>
    <FileName>c:/Simulator/qa_7/NCX_IRW_OUT.txt                               </FileName>
    <AckRuleTableName xml:space="preserve">                                </AckRuleTableName>
    <ReleaseAckQue xml:space="preserve"> </ReleaseAckQue>
    <TimeDelay>0</TimeDelay>
    <nSelect>10</nSelect>
    <DoEdits>N</DoEdits>
  </ReceiveControl>
  <ReceiveControl xmlns="ReceiveControl">
    <LineName>NYK_NYKA_F_SND      </LineName>
    <Source>SWF</Source>
    <StopAckQue>N</StopAckQue>
    <WritetoFile>N</WritetoFile>
    <FileName>c:/Simulator/qa_7/NYK_NYKA_F_SND.txt                            </FileName>
    <AckRuleTableName xml:space="preserve">                                </AckRuleTableName>
    <ReleaseAckQue>Y</ReleaseAckQue>
    <TimeDelay>0</TimeDelay>
    <nSelect>10</nSelect>
    <DoEdits>Y</DoEdits>
  </ReceiveControl>
  <ReceiveControl xmlns="ReceiveControl">
    <LineName>NYK_NYKB_F_SND      </LineName>
    <Source>SWF</Source>
    <StopAckQue>N</StopAckQue>
    <WritetoFile>N</WritetoFile>
    <FileName>c:/Simulator/qa_7/NYK_NYKB_F_SND.txt                            </FileName>
    <AckRuleTableName xml:space="preserve">                                </AckRuleTableName>
    <ReleaseAckQue xml:space="preserve"> </ReleaseAckQue>
    <TimeDelay>0</TimeDelay>
    <nSelect>10</nSelect>
    <DoEdits>Y</DoEdits>
  </ReceiveControl>
  <ReceiveControl xmlns="ReceiveControl">
    <LineName>SFO_SFOA_F_SND      </LineName>
    <Source>SWF</Source>
    <StopAckQue>N</StopAckQue>
    <WritetoFile>N</WritetoFile>
    <FileName>c:/Simulator/qa_7/SFO_SFOA_F_SND.txt                            </FileName>
    <AckRuleTableName xml:space="preserve">                                </AckRuleTableName>
    <ReleaseAckQue xml:space="preserve"> </ReleaseAckQue>
    <TimeDelay>0</TimeDelay>
    <nSelect>10</nSelect>
    <DoEdits>Y</DoEdits>
  </ReceiveControl>
  <ReceiveControl xmlns="ReceiveControl">
    <LineName>SFO_SFOB_F_SND      </LineName>
    <Source>SWF</Source>
    <StopAckQue>N</StopAckQue>
    <WritetoFile>N</WritetoFile>
    <FileName>c:/Simulator/qa_7/SFO_SFOB_F_SND.txt                            </FileName>
    <AckRuleTableName xml:space="preserve">                                </AckRuleTableName>
    <ReleaseAckQue xml:space="preserve"> </ReleaseAckQue>
    <TimeDelay>0</TimeDelay>
    <nSelect>10</nSelect>
    <DoEdits>Y</DoEdits>
  </ReceiveControl>
  <ReceiveControl xmlns="ReceiveControl">
    <LineName>MAX_FOR_OUT         </LineName>
    <Source>ISI</Source>
    <StopAckQue>N</StopAckQue>
    <WritetoFile>N</WritetoFile>
    <FileName>c:/Simulator/qa_7/MAX_FOR_OUT.txt                               </FileName>
    <AckRuleTableName xml:space="preserve">                                </AckRuleTableName>
    <ReleaseAckQue xml:space="preserve"> </ReleaseAckQue>
    <TimeDelay>0</TimeDelay>
    <nSelect>10</nSelect>
    <DoEdits>N</DoEdits>
  </ReceiveControl>
  <ReceiveControl xmlns="ReceiveControl">
    <LineName>MAX_WEB_OUT         </LineName>
    <Source>ISI</Source>
    <StopAckQue>N</StopAckQue>
    <WritetoFile>N</WritetoFile>
    <FileName>c:/Simulator/qa_7/MAX_WEB_OUT.txt                               </FileName>
    <AckRuleTableName xml:space="preserve">                                </AckRuleTableName>
    <ReleaseAckQue xml:space="preserve"> </ReleaseAckQue>
    <TimeDelay>0</TimeDelay>
    <nSelect>10</nSelect>
    <DoEdits>N</DoEdits>
  </ReceiveControl>
  <ReceiveControl xmlns="ReceiveControl">
    <LineName>NCX_GMB_SND         </LineName>
    <Source>IS2</Source>
    <StopAckQue>N</StopAckQue>
    <WritetoFile>N</WritetoFile>
    <FileName>c:/Simulator/qa_7/NCX_GMB_SND.txt                               </FileName>
    <AckRuleTableName xml:space="preserve">                                </AckRuleTableName>
    <ReleaseAckQue xml:space="preserve"> </ReleaseAckQue>
    <TimeDelay>0</TimeDelay>
    <nSelect>10</nSelect>
    <DoEdits>N</DoEdits>
  </ReceiveControl>
  <ReceiveControl xmlns="ReceiveControl">
    <LineName>NCX_GMD_SND         </LineName>
    <Source>IS2</Source>
    <StopAckQue>N</StopAckQue>
    <WritetoFile>N</WritetoFile>
    <FileName>c:/Simulator/qa_7/NCX_GMD_SND.txt                               </FileName>
    <AckRuleTableName xml:space="preserve">                                </AckRuleTableName>
    <ReleaseAckQue xml:space="preserve"> </ReleaseAckQue>
    <TimeDelay>0</TimeDelay>
    <nSelect>10</nSelect>
    <DoEdits>N</DoEdits>
  </ReceiveControl>
  <ReceiveControl xmlns="ReceiveControl">
    <LineName>NYK_WBS_SND         </LineName>
    <Source>IS2</Source>
    <StopAckQue>N</StopAckQue>
    <WritetoFile>N</WritetoFile>
    <FileName>c:/Simulator/qa_7/NYK_WBS_SND.txt                               </FileName>
    <AckRuleTableName xml:space="preserve">                                </AckRuleTableName>
    <ReleaseAckQue xml:space="preserve"> </ReleaseAckQue>
    <TimeDelay>0</TimeDelay>
    <nSelect>10</nSelect>
    <DoEdits>N</DoEdits>
  </ReceiveControl>
  <ReceiveControl xmlns="ReceiveControl">
    <LineName>SFO_WBS_SND         </LineName>
    <Source>IS2</Source>
    <StopAckQue>N</StopAckQue>
    <WritetoFile>N</WritetoFile>
    <FileName>c:/Simulator/qa_7/SFO_WBS_SND.txt                               </FileName>
    <AckRuleTableName xml:space="preserve">                                </AckRuleTableName>
    <ReleaseAckQue xml:space="preserve"> </ReleaseAckQue>
    <TimeDelay>0</TimeDelay>
    <nSelect>10</nSelect>
    <DoEdits>N</DoEdits>
  </ReceiveControl>
  <ReceiveControl xmlns="ReceiveControl">
    <LineName>NCX_WRB_SND         </LineName>
    <Source>IS2</Source>
    <StopAckQue>N</StopAckQue>
    <WritetoFile>N</WritetoFile>
    <FileName>c:/Simulator/qa_7/NCX_WRB_SND.txt                               </FileName>
    <AckRuleTableName xml:space="preserve">                                </AckRuleTableName>
    <ReleaseAckQue xml:space="preserve"> </ReleaseAckQue>
    <TimeDelay>0</TimeDelay>
    <nSelect>10</nSelect>
    <DoEdits>N</DoEdits>
  </ReceiveControl>
  <ReceiveControl xmlns="ReceiveControl">
    <LineName>NYK_SCK_SND         </LineName>
    <Source>IS2</Source>
    <StopAckQue>N</StopAckQue>
    <WritetoFile>N</WritetoFile>
    <FileName>c:/Simulator/qa_7/NYK_SCK_SND.txt                               </FileName>
    <AckRuleTableName xml:space="preserve">                                </AckRuleTableName>
    <ReleaseAckQue xml:space="preserve"> </ReleaseAckQue>
    <TimeDelay>0</TimeDelay>
    <nSelect>10</nSelect>
    <DoEdits>N</DoEdits>
  </ReceiveControl>
  <ReceiveControl xmlns="ReceiveControl">
    <LineName>NYK_CHIPSOUT1       </LineName>
    <Source>CHP</Source>
    <StopAckQue>N</StopAckQue>
    <WritetoFile>N</WritetoFile>
    <FileName>c:/Simulator/qa_7/NYK_CHIPSOUT1.txt                             </FileName>
    <AckRuleTableName xml:space="preserve">                                </AckRuleTableName>
    <ReleaseAckQue xml:space="preserve"> </ReleaseAckQue>
    <TimeDelay>0</TimeDelay>
    <nSelect>10</nSelect>
    <DoEdits>Y</DoEdits>
  </ReceiveControl>
  <ReceiveControl xmlns="ReceiveControl">
    <LineName>NYK_CHIPSOUT2       </LineName>
    <Source>CHP</Source>
    <StopAckQue>N</StopAckQue>
    <WritetoFile>N</WritetoFile>
    <FileName>c:/Simulator/qa_7/NYK_CHIPSOUT2.txt                             </FileName>
    <AckRuleTableName xml:space="preserve">                                </AckRuleTableName>
    <ReleaseAckQue xml:space="preserve"> </ReleaseAckQue>
    <TimeDelay>0</TimeDelay>
    <nSelect>10</nSelect>
    <DoEdits>Y</DoEdits>
  </ReceiveControl>
  <ReceiveControl xmlns="ReceiveControl">
    <LineName>NYK_EZY_OUT         </LineName>
    <Source>TLX</Source>
    <StopAckQue>N</StopAckQue>
    <WritetoFile>N</WritetoFile>
    <FileName>c:/Simulator/qa_7/NYK_EZY_OUT.txt                               </FileName>
    <AckRuleTableName xml:space="preserve">                                </AckRuleTableName>
    <ReleaseAckQue xml:space="preserve"> </ReleaseAckQue>
    <TimeDelay>0</TimeDelay>
    <nSelect>10</nSelect>
    <DoEdits>N</DoEdits>
  </ReceiveControl>
  <SimulatorProcesses xmlns="SimulatorProcesses">
    <ModName>FeederThreads           </ModName>
    <ModPath>C:\Simulator\allbin\                                            </ModPath>
    <ModArgs>qa_7                          </ModArgs>
    <MultiAllowed>n</MultiAllowed>
    <StartUp>y</StartUp>
    <ProcName>Feeders                                                         </ProcName>
    <GroupNo>4</GroupNo>
  </SimulatorProcesses>
  <SimulatorProcesses xmlns="SimulatorProcesses">
    <ModName>ByLogsLoader            </ModName>
    <ModPath>C:\Simulator\allbin\                                            </ModPath>
    <ModArgs>qa_7                          </ModArgs>
    <MultiAllowed>n</MultiAllowed>
    <StartUp>y</StartUp>
    <ProcName>ByLogsLoader                                                    </ProcName>
    <GroupNo>4</GroupNo>
  </SimulatorProcesses>
  <SimulatorProcesses xmlns="SimulatorProcesses">
    <ModName>IdiCompDump             </ModName>
    <ModPath>C:\Simulator\allbin\                                            </ModPath>
    <ModArgs>qa_7                          </ModArgs>
    <MultiAllowed>y</MultiAllowed>
    <StartUp>y</StartUp>
    <ProcName>IdiCompDump                                                     </ProcName>
    <GroupNo>4</GroupNo>
  </SimulatorProcesses>
  <SimulatorProcesses xmlns="SimulatorProcesses">
    <ModName>IdiFileCompare          </ModName>
    <ModPath>C:\Simulator\allbin\                                            </ModPath>
    <ModArgs>qa_7                          </ModArgs>
    <MultiAllowed>y</MultiAllowed>
    <StartUp>y</StartUp>
    <ProcName>IdiFileCompare                                                  </ProcName>
    <GroupNo>4</GroupNo>
  </SimulatorProcesses>
  <SimulatorProcesses xmlns="SimulatorProcesses">
    <ModName>Loader                  </ModName>
    <ModPath>C:\Simulator\allbin\                                            </ModPath>
    <ModArgs>qa_7                          </ModArgs>
    <MultiAllowed>y</MultiAllowed>
    <StartUp>y</StartUp>
    <ProcName>Loader                                                          </ProcName>
    <GroupNo>4</GroupNo>
  </SimulatorProcesses>
  <SimulatorProcesses xmlns="SimulatorProcesses">
    <ModName>MsgSplitter             </ModName>
    <ModPath>C:\Simulator\allbin\                                            </ModPath>
    <ModArgs>qa_7                          </ModArgs>
    <MultiAllowed>y</MultiAllowed>
    <StartUp>y</StartUp>
    <ProcName>Splitter                                                        </ProcName>
    <GroupNo>4</GroupNo>
  </SimulatorProcesses>
  <SimulatorProcesses xmlns="SimulatorProcesses">
    <ModName>ReceiverThreads         </ModName>
    <ModPath>C:\Simulator\allbin\                                            </ModPath>
    <ModArgs>qa_7                          </ModArgs>
    <MultiAllowed>n</MultiAllowed>
    <StartUp>y</StartUp>
    <ProcName>Receivers                                                       </ProcName>
    <GroupNo>4</GroupNo>
  </SimulatorProcesses>
  <SimulatorProcesses xmlns="SimulatorProcesses">
    <ModName>Resolver                </ModName>
    <ModPath>C:\Simulator\allbin\                                            </ModPath>
    <ModArgs>qa_7                          </ModArgs>
    <MultiAllowed>n</MultiAllowed>
    <StartUp>y</StartUp>
    <ProcName>Resolver                                                        </ProcName>
    <GroupNo>4</GroupNo>
  </SimulatorProcesses>
  <SimulatorProcesses xmlns="SimulatorProcesses">
    <ModName>Asilink                 </ModName>
    <ModPath>C:\Simulator\allbin\                                            </ModPath>
    <ModArgs>qa_7 ASI                      </ModArgs>
    <MultiAllowed>n</MultiAllowed>
    <StartUp>y</StartUp>
    <ProcName>ASI to WTX                                                      </ProcName>
    <GroupNo>3</GroupNo>
  </SimulatorProcesses>
  <SimulatorProcesses xmlns="SimulatorProcesses">
    <ModName>Isi2Link                </ModName>
    <ModPath>C:\Simulator\allbin\                                            </ModPath>
    <ModArgs>qa_7 NCX_GCP00_SND R          </ModArgs>
    <MultiAllowed>n</MultiAllowed>
    <StartUp>y</StartUp>
    <ProcName>GCP00 Receive                                                   </ProcName>
    <GroupNo>3</GroupNo>
  </SimulatorProcesses>
  <SimulatorProcesses xmlns="SimulatorProcesses">
    <ModName>Isi2Link                </ModName>
    <ModPath>C:\Simulator\allbin\                                            </ModPath>
    <ModArgs>qa_7 NCX_GCP01_SND R          </ModArgs>
    <MultiAllowed>n</MultiAllowed>
    <StartUp>y</StartUp>
    <ProcName>GCP01 Receive                                                   </ProcName>
    <GroupNo>3</GroupNo>
  </SimulatorProcesses>
  <SimulatorProcesses xmlns="SimulatorProcesses">
    <ModName>Isi2Link                </ModName>
    <ModPath>C:\Simulator\allbin\                                            </ModPath>
    <ModArgs>qa_7 NCX_INC_OUT R            </ModArgs>
    <MultiAllowed>n</MultiAllowed>
    <StartUp>y</StartUp>
    <ProcName>INC Receive                                                     </ProcName>
    <GroupNo>3</GroupNo>
  </SimulatorProcesses>
  <SimulatorProcesses xmlns="SimulatorProcesses">
    <ModName>IsiLink                 </ModName>
    <ModPath>C:\Simulator\allbin\                                            </ModPath>
    <ModArgs>qa_7 NCX_ING_OUT              </ModArgs>
    <MultiAllowed>n</MultiAllowed>
    <StartUp>y</StartUp>
    <ProcName>ING Receive                                                     </ProcName>
    <GroupNo>3</GroupNo>
  </SimulatorProcesses>
  <SimulatorProcesses xmlns="SimulatorProcesses">
    <ModName>IsiLink                 </ModName>
    <ModPath>C:\Simulator\allbin\                                            </ModPath>
    <ModArgs>qa_7 NCX_IRW_OUT              </ModArgs>
    <MultiAllowed>n</MultiAllowed>
    <StartUp>y</StartUp>
    <ProcName>IRW Receive                                                     </ProcName>
    <GroupNo>3</GroupNo>
  </SimulatorProcesses>
  <SimulatorProcesses xmlns="SimulatorProcesses">
    <ModName>SwfServer               </ModName>
    <ModPath>C:\Simulator\allbin\                                            </ModPath>
    <ModArgs>qa_7 NYK_NYKA_F_RCV           </ModArgs>
    <MultiAllowed>n</MultiAllowed>
    <StartUp>y</StartUp>
    <ProcName>NYK Swift A Send                                                </ProcName>
    <GroupNo>1</GroupNo>
  </SimulatorProcesses>
  <SimulatorProcesses xmlns="SimulatorProcesses">
    <ModName>SwfClient               </ModName>
    <ModPath>C:\Simulator\allbin\                                            </ModPath>
    <ModArgs>qa_7 NYK_NYKA_F_SND           </ModArgs>
    <MultiAllowed>n</MultiAllowed>
    <StartUp>y</StartUp>
    <ProcName>NYK Swift A Receive                                             </ProcName>
    <GroupNo>1</GroupNo>
  </SimulatorProcesses>
  <SimulatorProcesses xmlns="SimulatorProcesses">
    <ModName>SwfServer               </ModName>
    <ModPath>C:\Simulator\allbin\                                            </ModPath>
    <ModArgs>qa_7 NYK_NYKB_F_RCV           </ModArgs>
    <MultiAllowed>n</MultiAllowed>
    <StartUp>y</StartUp>
    <ProcName>NYK Swift B Send                                                </ProcName>
    <GroupNo>1</GroupNo>
  </SimulatorProcesses>
  <SimulatorProcesses xmlns="SimulatorProcesses">
    <ModName>SwfClient               </ModName>
    <ModPath>C:\Simulator\allbin\                                            </ModPath>
    <ModArgs>qa_7 NYK_NYKB_F_SND           </ModArgs>
    <MultiAllowed>n</MultiAllowed>
    <StartUp>y</StartUp>
    <ProcName>NYK Swift B Receive                                             </ProcName>
    <GroupNo>1</GroupNo>
  </SimulatorProcesses>
  <SimulatorProcesses xmlns="SimulatorProcesses">
    <ModName>SwfServer               </ModName>
    <ModPath>C:\Simulator\allbin\                                            </ModPath>
    <ModArgs>qa_7 SFO_SFOA_F_RCV           </ModArgs>
    <MultiAllowed>n</MultiAllowed>
    <StartUp>y</StartUp>
    <ProcName>SFO Swift A Send                                                </ProcName>
    <GroupNo>1</GroupNo>
  </SimulatorProcesses>
  <SimulatorProcesses xmlns="SimulatorProcesses">
    <ModName>SwfClient               </ModName>
    <ModPath>C:\Simulator\allbin\                                            </ModPath>
    <ModArgs>qa_7 SFO_SFOA_F_SND           </ModArgs>
    <MultiAllowed>n</MultiAllowed>
    <StartUp>y</StartUp>
    <ProcName>SFO Swift A Receive                                             </ProcName>
    <GroupNo>1</GroupNo>
  </SimulatorProcesses>
  <SimulatorProcesses xmlns="SimulatorProcesses">
    <ModName>SwfServer               </ModName>
    <ModPath>C:\Simulator\allbin\                                            </ModPath>
    <ModArgs>qa_7 SFO_SFOB_F_RCV           </ModArgs>
    <MultiAllowed>n</MultiAllowed>
    <StartUp>y</StartUp>
    <ProcName>SFO Swift B Send                                                </ProcName>
    <GroupNo>1</GroupNo>
  </SimulatorProcesses>
  <SimulatorProcesses xmlns="SimulatorProcesses">
    <ModName>SwfClient               </ModName>
    <ModPath>C:\Simulator\allbin\                                            </ModPath>
    <ModArgs>qa_7 SFO_SFOB_F_SND           </ModArgs>
    <MultiAllowed>n</MultiAllowed>
    <StartUp>y</StartUp>
    <ProcName>SFO Swift B Receive                                             </ProcName>
    <GroupNo>1</GroupNo>
  </SimulatorProcesses>
  <SimulatorProcesses xmlns="SimulatorProcesses">
    <ModName>IsiLink                 </ModName>
    <ModPath>C:\Simulator\allbin\                                            </ModPath>
    <ModArgs>qa_7 MAX_FOR_IN               </ModArgs>
    <MultiAllowed>n</MultiAllowed>
    <StartUp>y</StartUp>
    <ProcName>FOR Send                                                        </ProcName>
    <GroupNo>3</GroupNo>
  </SimulatorProcesses>
  <SimulatorProcesses xmlns="SimulatorProcesses">
    <ModName>IsiLink                 </ModName>
    <ModPath>C:\Simulator\allbin\                                            </ModPath>
    <ModArgs>qa_7 MAX_FOR_OUT              </ModArgs>
    <MultiAllowed>n</MultiAllowed>
    <StartUp>y</StartUp>
    <ProcName>FOR Receive                                                     </ProcName>
    <GroupNo>3</GroupNo>
  </SimulatorProcesses>
  <SimulatorProcesses xmlns="SimulatorProcesses">
    <ModName>IsiLink                 </ModName>
    <ModPath>C:\Simulator\allbin\                                            </ModPath>
    <ModArgs>qa_7 MAX_WEB_IN               </ModArgs>
    <MultiAllowed>n</MultiAllowed>
    <StartUp>y</StartUp>
    <ProcName>WEB Send                                                        </ProcName>
    <GroupNo>3</GroupNo>
  </SimulatorProcesses>
  <SimulatorProcesses xmlns="SimulatorProcesses">
    <ModName>IsiLink                 </ModName>
    <ModPath>C:\Simulator\allbin\                                            </ModPath>
    <ModArgs>qa_7 MAX_WEB_OUT              </ModArgs>
    <MultiAllowed>n</MultiAllowed>
    <StartUp>y</StartUp>
    <ProcName>WEB Receive                                                     </ProcName>
    <GroupNo>3</GroupNo>
  </SimulatorProcesses>
  <SimulatorProcesses xmlns="SimulatorProcesses">
    <ModName>Isi2Link                </ModName>
    <ModPath>C:\Simulator\allbin\                                            </ModPath>
    <ModArgs>qa_7 NCX_GMB_RCV S            </ModArgs>
    <MultiAllowed>n</MultiAllowed>
    <StartUp>y</StartUp>
    <ProcName>GMB Send                                                        </ProcName>
    <GroupNo>2</GroupNo>
  </SimulatorProcesses>
  <SimulatorProcesses xmlns="SimulatorProcesses">
    <ModName>Isi2Link                </ModName>
    <ModPath>C:\Simulator\allbin\                                            </ModPath>
    <ModArgs>qa_7 NCX_GMB_SND R            </ModArgs>
    <MultiAllowed>n</MultiAllowed>
    <StartUp>y</StartUp>
    <ProcName>GMB Receive                                                     </ProcName>
    <GroupNo>2</GroupNo>
  </SimulatorProcesses>
  <SimulatorProcesses xmlns="SimulatorProcesses">
    <ModName>Isi2Link                </ModName>
    <ModPath>C:\Simulator\allbin\                                            </ModPath>
    <ModArgs>qa_7 NCX_GMD_RCV S            </ModArgs>
    <MultiAllowed>n</MultiAllowed>
    <StartUp>y</StartUp>
    <ProcName>GMD Send                                                        </ProcName>
    <GroupNo>2</GroupNo>
  </SimulatorProcesses>
  <SimulatorProcesses xmlns="SimulatorProcesses">
    <ModName>Isi2Link                </ModName>
    <ModPath>C:\Simulator\allbin\                                            </ModPath>
    <ModArgs>qa_7 NCX_GMD_SND R            </ModArgs>
    <MultiAllowed>n</MultiAllowed>
    <StartUp>y</StartUp>
    <ProcName>GMD Receive                                                     </ProcName>
    <GroupNo>2</GroupNo>
  </SimulatorProcesses>
  <SimulatorProcesses xmlns="SimulatorProcesses">
    <ModName>Isi2Link                </ModName>
    <ModPath>C:\Simulator\allbin\                                            </ModPath>
    <ModArgs>qa_7 NYK_WBS_RCV S            </ModArgs>
    <MultiAllowed>n</MultiAllowed>
    <StartUp>y</StartUp>
    <ProcName>NYK WBS Send                                                    </ProcName>
    <GroupNo>3</GroupNo>
  </SimulatorProcesses>
  <SimulatorProcesses xmlns="SimulatorProcesses">
    <ModName>Isi2Link                </ModName>
    <ModPath>C:\Simulator\allbin\                                            </ModPath>
    <ModArgs>qa_7 NYK_WBS_SND R            </ModArgs>
    <MultiAllowed>n</MultiAllowed>
    <StartUp>y</StartUp>
    <ProcName>NYK WBS Receive                                                 </ProcName>
    <GroupNo>3</GroupNo>
  </SimulatorProcesses>
  <SimulatorProcesses xmlns="SimulatorProcesses">
    <ModName>Isi2Link                </ModName>
    <ModPath>C:\Simulator\allbin\                                            </ModPath>
    <ModArgs>qa_7 SFO_WBS_RCV S            </ModArgs>
    <MultiAllowed>n</MultiAllowed>
    <StartUp>y</StartUp>
    <ProcName>SFO WBS Send                                                    </ProcName>
    <GroupNo>3</GroupNo>
  </SimulatorProcesses>
  <SimulatorProcesses xmlns="SimulatorProcesses">
    <ModName>Isi2Link                </ModName>
    <ModPath>C:\Simulator\allbin\                                            </ModPath>
    <ModArgs>qa_7 SFO_WBS_SND R            </ModArgs>
    <MultiAllowed>n</MultiAllowed>
    <StartUp>y</StartUp>
    <ProcName>SFO WBS Receive                                                 </ProcName>
    <GroupNo>3</GroupNo>
  </SimulatorProcesses>
  <SimulatorProcesses xmlns="SimulatorProcesses">
    <ModName>Isi2Link                </ModName>
    <ModPath>C:\Simulator\allbin\                                            </ModPath>
    <ModArgs>qa_7 NCX_WRB_RCV S            </ModArgs>
    <MultiAllowed>n</MultiAllowed>
    <StartUp>y</StartUp>
    <ProcName>WRB Send                                                        </ProcName>
    <GroupNo>3</GroupNo>
  </SimulatorProcesses>
  <SimulatorProcesses xmlns="SimulatorProcesses">
    <ModName>Isi2Link                </ModName>
    <ModPath>C:\Simulator\allbin\                                            </ModPath>
    <ModArgs>qa_7 NCX_WRB_SND R            </ModArgs>
    <MultiAllowed>n</MultiAllowed>
    <StartUp>y</StartUp>
    <ProcName>WRB Receive                                                     </ProcName>
    <GroupNo>3</GroupNo>
  </SimulatorProcesses>
  <SimulatorProcesses xmlns="SimulatorProcesses">
    <ModName>Isi2Link                </ModName>
    <ModPath>C:\Simulator\allbin\                                            </ModPath>
    <ModArgs>qa_7 NYK_SCK_RCV S            </ModArgs>
    <MultiAllowed>n</MultiAllowed>
    <StartUp>y</StartUp>
    <ProcName>SCK Send                                                        </ProcName>
    <GroupNo>3</GroupNo>
  </SimulatorProcesses>
  <SimulatorProcesses xmlns="SimulatorProcesses">
    <ModName>Isi2Link                </ModName>
    <ModPath>C:\Simulator\allbin\                                            </ModPath>
    <ModArgs>qa_7 NYK_SCK_SND R            </ModArgs>
    <MultiAllowed>n</MultiAllowed>
    <StartUp>y</StartUp>
    <ProcName>SCK Receive                                                     </ProcName>
    <GroupNo>3</GroupNo>
  </SimulatorProcesses>
  <SimulatorProcesses xmlns="SimulatorProcesses">
    <ModName>NullLink                </ModName>
    <ModPath>C:\Simulator\allbin\                                            </ModPath>
    <ModArgs>qa_7 NYK_CHIPSIN1 S           </ModArgs>
    <MultiAllowed>n</MultiAllowed>
    <StartUp>y</StartUp>
    <ProcName>Chips1 Send                                                     </ProcName>
    <GroupNo>3</GroupNo>
  </SimulatorProcesses>
  <SimulatorProcesses xmlns="SimulatorProcesses">
    <ModName>NullLink                </ModName>
    <ModPath>C:\Simulator\allbin\                                            </ModPath>
    <ModArgs>qa_7 NYK_CHIPSOUT1 R          </ModArgs>
    <MultiAllowed>n</MultiAllowed>
    <StartUp>y</StartUp>
    <ProcName>Chips1 Receive                                                  </ProcName>
    <GroupNo>3</GroupNo>
  </SimulatorProcesses>
  <SimulatorProcesses xmlns="SimulatorProcesses">
    <ModName>NullLink                </ModName>
    <ModPath>C:\Simulator\allbin\                                            </ModPath>
    <ModArgs>qa_7 NYK_CHIPSIN2 S           </ModArgs>
    <MultiAllowed>n</MultiAllowed>
    <StartUp>y</StartUp>
    <ProcName>Chips2 Send                                                     </ProcName>
    <GroupNo>3</GroupNo>
  </SimulatorProcesses>
  <SimulatorProcesses xmlns="SimulatorProcesses">
    <ModName>NullLink                </ModName>
    <ModPath>C:\Simulator\allbin\                                            </ModPath>
    <ModArgs>qa_7 NYK_CHIPSOUT2 R          </ModArgs>
    <MultiAllowed>n</MultiAllowed>
    <StartUp>y</StartUp>
    <ProcName>Chips2 Receive                                                  </ProcName>
    <GroupNo>3</GroupNo>
  </SimulatorProcesses>
  <SimulatorProcesses xmlns="SimulatorProcesses">
    <ModName>NullLink                </ModName>
    <ModPath>C:\Simulator\allbin\                                            </ModPath>
    <ModArgs>qa_7 NYK_EZY S                </ModArgs>
    <MultiAllowed>n</MultiAllowed>
    <StartUp>y</StartUp>
    <ProcName>EZY Telex Send                                                  </ProcName>
    <GroupNo>3</GroupNo>
  </SimulatorProcesses>
  <SimulatorProcesses xmlns="SimulatorProcesses">
    <ModName>NullLink                </ModName>
    <ModPath>C:\Simulator\allbin\                                            </ModPath>
    <ModArgs>qa_7 NYK_EZY_OUT R            </ModArgs>
    <MultiAllowed>n</MultiAllowed>
    <StartUp>y</StartUp>
    <ProcName>EZY Telex Receive                                               </ProcName>
    <GroupNo>3</GroupNo>
  </SimulatorProcesses>
  <SimulatorProcesses xmlns="SimulatorProcesses">
    <ModName>videosrv                </ModName>
    <ModPath>c:\simulator\allbin\                                            </ModPath>
    <ModArgs>qa_7 ENT1                     </ModArgs>
    <MultiAllowed>n</MultiAllowed>
    <StartUp>y</StartUp>
    <ProcName>Auto Entry_1                                                    </ProcName>
    <GroupNo>4</GroupNo>
  </SimulatorProcesses>
  <VideoConfig xmlns="VideoConfig">
    <UniqueKey>1</UniqueKey>
    <Mode>RPR1 </Mode>
    <TimeOut>5000</TimeOut>
    <TimeOutCallSel>5000</TimeOutCallSel>
    <TimeOutScroll>200</TimeOutScroll>
    <MakeTrace>N</MakeTrace>
    <AutoReplay>Y</AutoReplay>
    <VideoPort>22022</VideoPort>
    <IntPort>27000</IntPort>
    <DisplFlow>N</DisplFlow>
  </VideoConfig>
  <VideoConfig xmlns="VideoConfig">
    <UniqueKey>2</UniqueKey>
    <Mode>VFY1 </Mode>
    <TimeOut>5000</TimeOut>
    <TimeOutCallSel>5000</TimeOutCallSel>
    <TimeOutScroll>200</TimeOutScroll>
    <MakeTrace>N</MakeTrace>
    <AutoReplay>Y</AutoReplay>
    <VideoPort>22022</VideoPort>
    <IntPort>27010</IntPort>
    <DisplFlow>N</DisplFlow>
  </VideoConfig>
  <VideoConfig xmlns="VideoConfig">
    <UniqueKey>8</UniqueKey>
    <Mode>ENT1 </Mode>
    <TimeOut>5000</TimeOut>
    <TimeOutCallSel>5000</TimeOutCallSel>
    <TimeOutScroll>200</TimeOutScroll>
    <MakeTrace>Y</MakeTrace>
    <AutoReplay>Y</AutoReplay>
    <VideoPort>22022</VideoPort>
    <IntPort>27020</IntPort>
    <DisplFlow>Y</DisplFlow>
  </VideoConfig>
</Configuration>